org,id,login,avatar_url,type
mozilla,451203,"0c0w3",https://avatars.githubusercontent.com/u/451203?v=3,User
mozilla,459117,"21echoes",https://avatars.githubusercontent.com/u/459117?v=3,User
mozilla,96396,"6a68",https://avatars.githubusercontent.com/u/96396?v=3,User
mozilla,3715173,"AALEKH",https://avatars.githubusercontent.com/u/3715173?v=3,User
mozilla,617994,"acabunoc",https://avatars.githubusercontent.com/u/617994?v=3,User
mozilla,1406778,"Ackar",https://avatars.githubusercontent.com/u/1406778?v=3,User
mozilla,1901816,"adamlofting",https://avatars.githubusercontent.com/u/1901816?v=3,User
mozilla,328790,"AdrianGaudebert",https://avatars.githubusercontent.com/u/328790?v=3,User
mozilla,273734,"ahal",https://avatars.githubusercontent.com/u/273734?v=3,User
mozilla,1682681,"alanmoo",https://avatars.githubusercontent.com/u/1682681?v=3,User
mozilla,400117,"alexgibson",https://avatars.githubusercontent.com/u/400117?v=3,User
mozilla,140206,"alfredo",https://avatars.githubusercontent.com/u/140206?v=3,User
mozilla,4368149,"alicoding",https://avatars.githubusercontent.com/u/4368149?v=3,User
mozilla,67073,"almet",https://avatars.githubusercontent.com/u/67073?v=3,User
mozilla,980049,"almossawi",https://avatars.githubusercontent.com/u/980049?v=3,User
mozilla,399120,"andreastt",https://avatars.githubusercontent.com/u/399120?v=3,User
mozilla,159848,"andrewhayward",https://avatars.githubusercontent.com/u/159848?v=3,User
mozilla,74699,"andymckay",https://avatars.githubusercontent.com/u/74699?v=3,User
mozilla,1151263,"anushbmx",https://avatars.githubusercontent.com/u/1151263?v=3,User
mozilla,2667489,"ariestiyansyah",https://avatars.githubusercontent.com/u/2667489?v=3,User
mozilla,1163554,"ashleygwilliams",https://avatars.githubusercontent.com/u/1163554?v=3,User
mozilla,1042649,"askeing",https://avatars.githubusercontent.com/u/1042649?v=3,User
mozilla,212206,"asutherland",https://avatars.githubusercontent.com/u/212206?v=3,User
mozilla,128518,"AutomatedTester",https://avatars.githubusercontent.com/u/128518?v=3,User
mozilla,50103,"autonome",https://avatars.githubusercontent.com/u/50103?v=3,User
mozilla,2164962,"avih",https://avatars.githubusercontent.com/u/2164962?v=3,User
mozilla,1937160,"Ayrx",https://avatars.githubusercontent.com/u/1937160?v=3,User
mozilla,831718,"bbondy",https://avatars.githubusercontent.com/u/831718?v=3,User
mozilla,84762,"bdaehlie",https://avatars.githubusercontent.com/u/84762?v=3,User
mozilla,703611,"bebef1987",https://avatars.githubusercontent.com/u/703611?v=3,User
mozilla,541325,"benrito",https://avatars.githubusercontent.com/u/541325?v=3,User
mozilla,198507,"bensternthal",https://avatars.githubusercontent.com/u/198507?v=3,User
mozilla,95570,"bgrins",https://avatars.githubusercontent.com/u/95570?v=3,User
mozilla,49649,"bhearsum",https://avatars.githubusercontent.com/u/49649?v=3,User
mozilla,4486964,"bitgeeky",https://avatars.githubusercontent.com/u/4486964?v=3,User
mozilla,79535,"bjacob",https://avatars.githubusercontent.com/u/79535?v=3,User
mozilla,1247421,"bjdixon",https://avatars.githubusercontent.com/u/1247421?v=3,User
mozilla,8356717,"bkmunar",https://avatars.githubusercontent.com/u/8356717?v=3,User
mozilla,1914903,"BorisChiou",https://avatars.githubusercontent.com/u/1914903?v=3,User
mozilla,345974,"brettgaylor",https://avatars.githubusercontent.com/u/345974?v=3,User
mozilla,114116,"brianking",https://avatars.githubusercontent.com/u/114116?v=3,User
mozilla,147214,"brson",https://avatars.githubusercontent.com/u/147214?v=3,User
mozilla,159571,"bwinton",https://avatars.githubusercontent.com/u/159571?v=3,User
mozilla,438003,"cadecairos",https://avatars.githubusercontent.com/u/438003?v=3,User
mozilla,24193,"callahad",https://avatars.githubusercontent.com/u/24193?v=3,User
mozilla,61586,"carljm",https://avatars.githubusercontent.com/u/61586?v=3,User
mozilla,54458,"catlee",https://avatars.githubusercontent.com/u/54458?v=3,User
mozilla,1140686,"choller",https://avatars.githubusercontent.com/u/1140686?v=3,User
mozilla,751491,"chrismore",https://avatars.githubusercontent.com/u/751491?v=3,User
mozilla,247927,"cjcliffe",https://avatars.githubusercontent.com/u/247927?v=3,User
mozilla,248526,"cjung",https://avatars.githubusercontent.com/u/248526?v=3,User
mozilla,2134,"clarkbw",https://avatars.githubusercontent.com/u/2134?v=3,User
mozilla,2277,"claus",https://avatars.githubusercontent.com/u/2277?v=3,User
mozilla,80098,"clouserw",https://avatars.githubusercontent.com/u/80098?v=3,User
mozilla,64711,"cmcavoy",https://avatars.githubusercontent.com/u/64711?v=3,User
mozilla,939357,"comzeradd",https://avatars.githubusercontent.com/u/939357?v=3,User
mozilla,62406,"corbanbrook",https://avatars.githubusercontent.com/u/62406?v=3,User
mozilla,205591,"craigcook",https://avatars.githubusercontent.com/u/205591?v=3,User
mozilla,131786,"csuwildcat",https://avatars.githubusercontent.com/u/131786?v=3,User
mozilla,112791,"ctalbert",https://avatars.githubusercontent.com/u/112791?v=3,User
mozilla,203725,"cvan",https://avatars.githubusercontent.com/u/203725?v=3,User
mozilla,526538,"cyberdees",https://avatars.githubusercontent.com/u/526538?v=3,User
mozilla,55970,"dangoor",https://avatars.githubusercontent.com/u/55970?v=3,User
mozilla,87619,"dannycoates",https://avatars.githubusercontent.com/u/87619?v=3,User
mozilla,46655,"darkwing",https://avatars.githubusercontent.com/u/46655?v=3,User
mozilla,1807987,"davecurado",https://avatars.githubusercontent.com/u/1807987?v=3,User
mozilla,59497,"davedash",https://avatars.githubusercontent.com/u/59497?v=3,User
mozilla,122800,"davehunt",https://avatars.githubusercontent.com/u/122800?v=3,User
mozilla,51278,"davidascher",https://avatars.githubusercontent.com/u/51278?v=3,User
mozilla,35955,"daytonn",https://avatars.githubusercontent.com/u/35955?v=3,User
mozilla,4587641,"dhruvagarwal",https://avatars.githubusercontent.com/u/4587641?v=3,User
mozilla,5017470,"dhuseby",https://avatars.githubusercontent.com/u/5017470?v=3,User
mozilla,8599,"digitarald",https://avatars.githubusercontent.com/u/8599?v=3,User
mozilla,425657,"dmose",https://avatars.githubusercontent.com/u/425657?v=3,User
mozilla,580086,"dseif",https://avatars.githubusercontent.com/u/580086?v=3,User
mozilla,1189609,"dwbuiten",https://avatars.githubusercontent.com/u/1189609?v=3,User
mozilla,1382084,"eamsen",https://avatars.githubusercontent.com/u/1382084?v=3,User
mozilla,83059,"ednapiranha",https://avatars.githubusercontent.com/u/83059?v=3,User
mozilla,168508,"ehsan",https://avatars.githubusercontent.com/u/168508?v=3,User
mozilla,945435,"emannion",https://avatars.githubusercontent.com/u/945435?v=3,User
mozilla,3280150,"englehardt",https://avatars.githubusercontent.com/u/3280150?v=3,User
mozilla,139033,"EnTeQuAk",https://avatars.githubusercontent.com/u/139033?v=3,User
mozilla,575626,"ericedens",https://avatars.githubusercontent.com/u/575626?v=3,User
mozilla,295816,"erikrose",https://avatars.githubusercontent.com/u/295816?v=3,User
mozilla,234670,"ezoehunt",https://avatars.githubusercontent.com/u/234670?v=3,User
mozilla,480202,"ferjm",https://avatars.githubusercontent.com/u/480202?v=3,User
mozilla,1568867,"ffledgling",https://avatars.githubusercontent.com/u/1568867?v=3,User
mozilla,74571,"fitzgen",https://avatars.githubusercontent.com/u/74571?v=3,User
mozilla,735045,"flamingspaz",https://avatars.githubusercontent.com/u/735045?v=3,User
mozilla,639937,"flamsmark",https://avatars.githubusercontent.com/u/639937?v=3,User
mozilla,167821,"fmarier",https://avatars.githubusercontent.com/u/167821?v=3,User
mozilla,117655,"fox2mike",https://avatars.githubusercontent.com/u/117655?v=3,User
mozilla,5893112,"Frozenfire92",https://avatars.githubusercontent.com/u/5893112?v=3,User
mozilla,99770,"fuzzyfox",https://avatars.githubusercontent.com/u/99770?v=3,User
mozilla,87232,"fwenzel",https://avatars.githubusercontent.com/u/87232?v=3,User
mozilla,1702638,"garygreen",https://avatars.githubusercontent.com/u/1702638?v=3,User
mozilla,5816130,"gideonthomas",https://avatars.githubusercontent.com/u/5816130?v=3,User
mozilla,1834718,"Gioyik",https://avatars.githubusercontent.com/u/1834718?v=3,User
mozilla,1885333,"Glavin001",https://avatars.githubusercontent.com/u/1885333?v=3,User
mozilla,584352,"glogiotatidis",https://avatars.githubusercontent.com/u/584352?v=3,User
mozilla,21236,"Gozala",https://avatars.githubusercontent.com/u/21236?v=3,User
mozilla,163983,"gregglind",https://avatars.githubusercontent.com/u/163983?v=3,User
mozilla,71928,"groovecoder",https://avatars.githubusercontent.com/u/71928?v=3,User
mozilla,565765,"gsathya",https://avatars.githubusercontent.com/u/565765?v=3,User
mozilla,206379,"gvn",https://avatars.githubusercontent.com/u/206379?v=3,User
mozilla,95735,"hamilton",https://avatars.githubusercontent.com/u/95735?v=3,User
mozilla,483109,"hannosch",https://avatars.githubusercontent.com/u/483109?v=3,User
mozilla,3114839,"hardikj",https://avatars.githubusercontent.com/u/3114839?v=3,User
mozilla,2185036,"harsh1618",https://avatars.githubusercontent.com/u/2185036?v=3,User
mozilla,15975,"hns",https://avatars.githubusercontent.com/u/15975?v=3,User
mozilla,427398,"humphd",https://avatars.githubusercontent.com/u/427398?v=3,User
mozilla,44390,"ianb",https://avatars.githubusercontent.com/u/44390?v=3,User
mozilla,338989,"iangilman",https://avatars.githubusercontent.com/u/338989?v=3,User
mozilla,5192353,"iankronquist",https://avatars.githubusercontent.com/u/5192353?v=3,User
mozilla,342993,"indygreg",https://avatars.githubusercontent.com/u/342993?v=3,User
mozilla,599268,"jankeromnes",https://avatars.githubusercontent.com/u/599268?v=3,User
mozilla,7342882,"jaredStef",https://avatars.githubusercontent.com/u/7342882?v=3,User
mozilla,419923,"jasongrlicky",https://avatars.githubusercontent.com/u/419923?v=3,User
mozilla,910992,"jasonthomas",https://avatars.githubusercontent.com/u/910992?v=3,User
mozilla,578466,"jbuck",https://avatars.githubusercontent.com/u/578466?v=3,User
mozilla,27658,"jdm",https://avatars.githubusercontent.com/u/27658?v=3,User
mozilla,979929,"jedireza",https://avatars.githubusercontent.com/u/979929?v=3,User
mozilla,1610,"jezdez",https://avatars.githubusercontent.com/u/1610?v=3,User
mozilla,161718,"jgmize",https://avatars.githubusercontent.com/u/161718?v=3,User
mozilla,17031,"jlongster",https://avatars.githubusercontent.com/u/17031?v=3,User
mozilla,76258,"joewalker",https://avatars.githubusercontent.com/u/76258?v=3,User
mozilla,835321,"johngian",https://avatars.githubusercontent.com/u/835321?v=3,User
mozilla,3323249,"johngruen",https://avatars.githubusercontent.com/u/3323249?v=3,User
mozilla,119080,"jonallengriffin",https://avatars.githubusercontent.com/u/119080?v=3,User
mozilla,149732,"jonasfj",https://avatars.githubusercontent.com/u/149732?v=3,User
mozilla,387152,"jonoxia",https://avatars.githubusercontent.com/u/387152?v=3,User
mozilla,48120,"jpcamara",https://avatars.githubusercontent.com/u/48120?v=3,User
mozilla,317532,"jpetto",https://avatars.githubusercontent.com/u/317532?v=3,User
mozilla,758162,"jrgm",https://avatars.githubusercontent.com/u/758162?v=3,User
mozilla,692547,"jruderman",https://avatars.githubusercontent.com/u/692547?v=3,User
mozilla,279572,"jryans",https://avatars.githubusercontent.com/u/279572?v=3,User
mozilla,641267,"jsantell",https://avatars.githubusercontent.com/u/641267?v=3,User
mozilla,180459,"jsocol",https://avatars.githubusercontent.com/u/180459?v=3,User
mozilla,47222,"jstrutz",https://avatars.githubusercontent.com/u/47222?v=3,User
mozilla,62568,"jvillalobos",https://avatars.githubusercontent.com/u/62568?v=3,User
mozilla,270826,"k0s",https://avatars.githubusercontent.com/u/270826?v=3,User
mozilla,1455535,"k88hudson",https://avatars.githubusercontent.com/u/1455535?v=3,User
mozilla,4520234,"kevin-miles",https://avatars.githubusercontent.com/u/4520234?v=3,User
mozilla,122602,"KevinGrandon",https://avatars.githubusercontent.com/u/122602?v=3,User
mozilla,243830,"kitcambridge",https://avatars.githubusercontent.com/u/243830?v=3,User
mozilla,55398,"kumar303",https://avatars.githubusercontent.com/u/55398?v=3,User
mozilla,172215,"KWierso",https://avatars.githubusercontent.com/u/172215?v=3,User
mozilla,2929505,"kyoshino",https://avatars.githubusercontent.com/u/2929505?v=3,User
mozilla,44974,"laggyluke",https://avatars.githubusercontent.com/u/44974?v=3,User
mozilla,21679,"Laurian",https://avatars.githubusercontent.com/u/21679?v=3,User
mozilla,21687,"lmorchard",https://avatars.githubusercontent.com/u/21687?v=3,User
mozilla,21467,"lonnen",https://avatars.githubusercontent.com/u/21467?v=3,User
mozilla,208595,"lsblakk",https://avatars.githubusercontent.com/u/208595?v=3,User
mozilla,286001,"luser",https://avatars.githubusercontent.com/u/286001?v=3,User
mozilla,63193,"m8ttyB",https://avatars.githubusercontent.com/u/63193?v=3,User
mozilla,190703,"malena",https://avatars.githubusercontent.com/u/190703?v=3,User
mozilla,55977,"malev",https://avatars.githubusercontent.com/u/55977?v=3,User
mozilla,1617736,"Manishearth",https://avatars.githubusercontent.com/u/1617736?v=3,User
mozilla,438537,"Mardak",https://avatars.githubusercontent.com/u/438537?v=3,User
mozilla,67641,"martinthomson",https://avatars.githubusercontent.com/u/67641?v=3,User
mozilla,1844554,"meandavejustice",https://avatars.githubusercontent.com/u/1844554?v=3,User
mozilla,4639742,"mediocrity",https://avatars.githubusercontent.com/u/4639742?v=3,User
mozilla,83924,"mhammond",https://avatars.githubusercontent.com/u/83924?v=3,User
mozilla,382306,"michaelrhanson",https://avatars.githubusercontent.com/u/382306?v=3,User
mozilla,107945,"mihaisucan",https://avatars.githubusercontent.com/u/107945?v=3,User
mozilla,116941,"MikeRatcliffe",https://avatars.githubusercontent.com/u/116941?v=3,User
mozilla,164223,"milossh",https://avatars.githubusercontent.com/u/164223?v=3,User
mozilla,57769,"mitcho",https://avatars.githubusercontent.com/u/57769?v=3,User
mozilla,135926,"mixedpuppy",https://avatars.githubusercontent.com/u/135926?v=3,User
mozilla,899557,"mjschranz",https://avatars.githubusercontent.com/u/899557?v=3,User
mozilla,2896608,"mmmavis",https://avatars.githubusercontent.com/u/2896608?v=3,User
mozilla,304186,"modeswitch",https://avatars.githubusercontent.com/u/304186?v=3,User
mozilla,2326155,"monicachew",https://avatars.githubusercontent.com/u/2326155?v=3,User
mozilla,23323,"moomerman",https://avatars.githubusercontent.com/u/23323?v=3,User
mozilla,437326,"Mossop",https://avatars.githubusercontent.com/u/437326?v=3,User
mozilla,367878,"mozillalabs-syncer",https://avatars.githubusercontent.com/u/367878?v=3,User
mozilla,2722349,"mrrrgn",https://avatars.githubusercontent.com/u/2722349?v=3,User
mozilla,211578,"mstriemer",https://avatars.githubusercontent.com/u/211578?v=3,User
mozilla,53129,"mtigas",https://avatars.githubusercontent.com/u/53129?v=3,User
mozilla,1514,"muffinresearch",https://avatars.githubusercontent.com/u/1514?v=3,User
mozilla,305455,"mykmelez",https://avatars.githubusercontent.com/u/305455?v=3,User
mozilla,305049,"mythmon",https://avatars.githubusercontent.com/u/305049?v=3,User
mozilla,41547,"n1k0",https://avatars.githubusercontent.com/u/41547?v=3,User
mozilla,1097182,"ncalexan",https://avatars.githubusercontent.com/u/1097182?v=3,User
mozilla,3095,"nchapman",https://avatars.githubusercontent.com/u/3095?v=3,User
mozilla,1147806,"neftaly",https://avatars.githubusercontent.com/u/1147806?v=3,User
mozilla,674727,"ngokevin",https://avatars.githubusercontent.com/u/674727?v=3,User
mozilla,1823839,"nickdesaulniers",https://avatars.githubusercontent.com/u/1823839?v=3,User
mozilla,1424850,"nicola",https://avatars.githubusercontent.com/u/1424850?v=3,User
mozilla,98339,"nwgh",https://avatars.githubusercontent.com/u/98339?v=3,User
mozilla,199907,"ochameau",https://avatars.githubusercontent.com/u/199907?v=3,User
mozilla,493662,"omarnoory",https://avatars.githubusercontent.com/u/493662?v=3,User
mozilla,45590,"oremj",https://avatars.githubusercontent.com/u/45590?v=3,User
mozilla,193106,"Osmose",https://avatars.githubusercontent.com/u/193106?v=3,User
mozilla,18924,"ozten",https://avatars.githubusercontent.com/u/18924?v=3,User
mozilla,454375,"pascalchevrel",https://avatars.githubusercontent.com/u/454375?v=3,User
mozilla,373579,"paulrouget",https://avatars.githubusercontent.com/u/373579?v=3,User
mozilla,157897,"pcwalton",https://avatars.githubusercontent.com/u/157897?v=3,User
mozilla,190790,"petemoore",https://avatars.githubusercontent.com/u/190790?v=3,User
mozilla,64367,"philbooth",https://avatars.githubusercontent.com/u/64367?v=3,User
mozilla,54918,"philikon",https://avatars.githubusercontent.com/u/54918?v=3,User
mozilla,43494,"Pike",https://avatars.githubusercontent.com/u/43494?v=3,User
mozilla,19934,"pmclanahan",https://avatars.githubusercontent.com/u/19934?v=3,User
mozilla,1319028,"poiru",https://avatars.githubusercontent.com/u/1319028?v=3,User
mozilla,360661,"popomore",https://avatars.githubusercontent.com/u/360661?v=3,User
mozilla,72159,"pornel",https://avatars.githubusercontent.com/u/72159?v=3,User
mozilla,253470,"potch",https://avatars.githubusercontent.com/u/253470?v=3,User
mozilla,498592,"ppapadeas",https://avatars.githubusercontent.com/u/498592?v=3,User
mozilla,172380,"psawaya",https://avatars.githubusercontent.com/u/172380?v=3,User
mozilla,41628,"pudo",https://avatars.githubusercontent.com/u/41628?v=3,User
mozilla,151364,"rafrombrc",https://avatars.githubusercontent.com/u/151364?v=3,User
mozilla,42865,"rail",https://avatars.githubusercontent.com/u/42865?v=3,User
mozilla,352251,"reedloden",https://avatars.githubusercontent.com/u/352251?v=3,User
mozilla,179895,"retornam",https://avatars.githubusercontent.com/u/179895?v=3,User
mozilla,34695,"rfk",https://avatars.githubusercontent.com/u/34695?v=3,User
mozilla,61412,"rhelmer",https://avatars.githubusercontent.com/u/61412?v=3,User
mozilla,1071332,"RickEyre",https://avatars.githubusercontent.com/u/1071332?v=3,User
mozilla,36629,"rlr",https://avatars.githubusercontent.com/u/36629?v=3,User
mozilla,1365071,"Rob--W",https://avatars.githubusercontent.com/u/1365071?v=3,User
mozilla,27976,"robcee",https://avatars.githubusercontent.com/u/27976?v=3,User
mozilla,1106,"robhudson",https://avatars.githubusercontent.com/u/1106?v=3,User
mozilla,96099,"rossbruniges",https://avatars.githubusercontent.com/u/96099?v=3,User
mozilla,11484,"rpl",https://avatars.githubusercontent.com/u/11484?v=3,User
mozilla,250074,"rtilder",https://avatars.githubusercontent.com/u/250074?v=3,User
mozilla,163873,"ryanseys",https://avatars.githubusercontent.com/u/163873?v=3,User
mozilla,135933,"samliu",https://avatars.githubusercontent.com/u/135933?v=3,User
mozilla,3705263,"SamuelMoraesF",https://avatars.githubusercontent.com/u/3705263?v=3,User
mozilla,51479,"seanmonstar",https://avatars.githubusercontent.com/u/51479?v=3,User
mozilla,403231,"secretrobotron",https://avatars.githubusercontent.com/u/403231?v=3,User
mozilla,493158,"sethb",https://avatars.githubusercontent.com/u/493158?v=3,User
mozilla,848085,"shane-tomlinson",https://avatars.githubusercontent.com/u/848085?v=3,User
mozilla,1760403,"shivanshuag",https://avatars.githubusercontent.com/u/1760403?v=3,User
mozilla,613269,"sidstamm",https://avatars.githubusercontent.com/u/613269?v=3,User
mozilla,291359,"SimonSapin",https://avatars.githubusercontent.com/u/291359?v=3,User
mozilla,25260,"simonwex",https://avatars.githubusercontent.com/u/25260?v=3,User
mozilla,434322,"sleroux",https://avatars.githubusercontent.com/u/434322?v=3,User
mozilla,1317296,"smacleod",https://avatars.githubusercontent.com/u/1317296?v=3,User
mozilla,2692120,"Snuffleupagus",https://avatars.githubusercontent.com/u/2692120?v=3,User
mozilla,5609,"sole",https://avatars.githubusercontent.com/u/5609?v=3,User
mozilla,391260,"spasovski",https://avatars.githubusercontent.com/u/391260?v=3,User
mozilla,1744347,"srijanshetty",https://avatars.githubusercontent.com/u/1744347?v=3,User
mozilla,28052,"st3fan",https://avatars.githubusercontent.com/u/28052?v=3,User
mozilla,520844,"Standard8",https://avatars.githubusercontent.com/u/520844?v=3,User
mozilla,265818,"stasm",https://avatars.githubusercontent.com/u/265818?v=3,User
mozilla,6666370,"SueSmith",https://avatars.githubusercontent.com/u/6666370?v=3,User
mozilla,122822,"szegedi",https://avatars.githubusercontent.com/u/122822?v=3,User
mozilla,8658,"taboca",https://avatars.githubusercontent.com/u/8658?v=3,User
mozilla,557689,"tallowen",https://avatars.githubusercontent.com/u/557689?v=3,User
mozilla,7481165,"tanay1337",https://avatars.githubusercontent.com/u/7481165?v=3,User
mozilla,310246,"TannerFilip",https://avatars.githubusercontent.com/u/310246?v=3,User
mozilla,46418,"tantek",https://avatars.githubusercontent.com/u/46418?v=3,User
mozilla,250019,"tarekziade",https://avatars.githubusercontent.com/u/250019?v=3,User
mozilla,747641,"thisandagain",https://avatars.githubusercontent.com/u/747641?v=3,User
mozilla,93093,"timdream",https://avatars.githubusercontent.com/u/93093?v=3,User
mozilla,120403,"tmickel",https://avatars.githubusercontent.com/u/120403?v=3,User
mozilla,583169,"tobbi",https://avatars.githubusercontent.com/u/583169?v=3,User
mozilla,90871,"tofumatt",https://avatars.githubusercontent.com/u/90871?v=3,User
mozilla,524227,"tOkeshu",https://avatars.githubusercontent.com/u/524227?v=3,User
mozilla,1648878,"TomFarrow",https://avatars.githubusercontent.com/u/1648878?v=3,User
mozilla,581227,"twobraids",https://avatars.githubusercontent.com/u/581227?v=3,User
mozilla,406775,"Unfocused",https://avatars.githubusercontent.com/u/406775?v=3,User
mozilla,9949800,"user640378",https://avatars.githubusercontent.com/u/9949800?v=3,User
mozilla,11558724,"utvar",https://avatars.githubusercontent.com/u/11558724?v=3,User
mozilla,1119821,"vazquez",https://avatars.githubusercontent.com/u/1119821?v=3,User
mozilla,128755,"vladikoff",https://avatars.githubusercontent.com/u/128755?v=3,User
mozilla,26357,"vmunix",https://avatars.githubusercontent.com/u/26357?v=3,User
mozilla,1301625,"vtsatskin",https://avatars.githubusercontent.com/u/1301625?v=3,User
mozilla,27146,"warner",https://avatars.githubusercontent.com/u/27146?v=3,User
mozilla,808776,"whd",https://avatars.githubusercontent.com/u/808776?v=3,User
mozilla,820826,"willkg",https://avatars.githubusercontent.com/u/820826?v=3,User
mozilla,20569,"wlach",https://avatars.githubusercontent.com/u/20569?v=3,User
mozilla,599457,"ygjb",https://avatars.githubusercontent.com/u/599457?v=3,User
mozilla,1262683,"yxl",https://avatars.githubusercontent.com/u/1262683?v=3,User
mozilla,3903,"zaach",https://avatars.githubusercontent.com/u/3903?v=3,User
mozilla,97885,"zalun",https://avatars.githubusercontent.com/u/97885?v=3,User
mozilla,224017,"zandr",https://avatars.githubusercontent.com/u/224017?v=3,User
mozilla,449986,"zbraniecki",https://avatars.githubusercontent.com/u/449986?v=3,User
mozilla,1824988,"ZeeJab",https://avatars.githubusercontent.com/u/1824988?v=3,User
mozilla,207002,"zombie",https://avatars.githubusercontent.com/u/207002?v=3,User
