"","id","created_at","updated_at","html_url","issue_url"
"1",117306796,"2015-06-30T19:05:01Z","2015-06-30T19:05:01Z","https://github.com/mozilla/webmaker-core/pull/1#issuecomment-117306796","https://api.github.com/repos/mozilla/webmaker-core/issues/1"
"2",117853671,"2015-07-01T23:40:32Z","2015-07-01T23:40:32Z","https://github.com/mozilla/webmaker-core/issues/5#issuecomment-117853671","https://api.github.com/repos/mozilla/webmaker-core/issues/5"
"3",117858452,"2015-07-02T00:12:36Z","2015-07-02T00:12:36Z","https://github.com/mozilla/webmaker-core/issues/7#issuecomment-117858452","https://api.github.com/repos/mozilla/webmaker-core/issues/7"
"4",117858454,"2015-07-02T00:12:36Z","2015-07-02T00:12:36Z","https://github.com/mozilla/webmaker-core/issues/7#issuecomment-117858454","https://api.github.com/repos/mozilla/webmaker-core/issues/7"
"5",118102423,"2015-07-02T17:32:57Z","2015-07-02T17:32:57Z","https://github.com/mozilla/webmaker-core/issues/9#issuecomment-118102423","https://api.github.com/repos/mozilla/webmaker-core/issues/9"
"6",118109452,"2015-07-02T17:51:36Z","2015-07-02T17:51:36Z","https://github.com/mozilla/webmaker-core/pull/10#issuecomment-118109452","https://api.github.com/repos/mozilla/webmaker-core/issues/10"
"7",118144112,"2015-07-02T19:47:45Z","2015-07-02T19:47:45Z","https://github.com/mozilla/webmaker-core/pull/11#issuecomment-118144112","https://api.github.com/repos/mozilla/webmaker-core/issues/11"
"8",118193510,"2015-07-02T23:36:25Z","2015-07-02T23:36:25Z","https://github.com/mozilla/webmaker-core/issues/12#issuecomment-118193510","https://api.github.com/repos/mozilla/webmaker-core/issues/12"
"9",118400905,"2015-07-03T17:47:16Z","2015-07-03T17:47:16Z","https://github.com/mozilla/webmaker-core/pull/15#issuecomment-118400905","https://api.github.com/repos/mozilla/webmaker-core/issues/15"
"10",118977461,"2015-07-06T19:52:05Z","2015-07-06T19:52:05Z","https://github.com/mozilla/webmaker-core/issues/12#issuecomment-118977461","https://api.github.com/repos/mozilla/webmaker-core/issues/12"
"11",119691335,"2015-07-08T18:33:51Z","2015-07-08T18:33:51Z","https://github.com/mozilla/webmaker-core/issues/16#issuecomment-119691335","https://api.github.com/repos/mozilla/webmaker-core/issues/16"
"12",120075420,"2015-07-09T17:15:01Z","2015-07-09T17:15:01Z","https://github.com/mozilla/webmaker-core/pull/17#issuecomment-120075420","https://api.github.com/repos/mozilla/webmaker-core/issues/17"
"13",120496646,"2015-07-10T19:10:39Z","2015-07-10T19:10:39Z","https://github.com/mozilla/webmaker-core/pull/19#issuecomment-120496646","https://api.github.com/repos/mozilla/webmaker-core/issues/19"
"14",120504503,"2015-07-10T19:40:58Z","2015-07-10T19:40:58Z","https://github.com/mozilla/webmaker-core/pull/19#issuecomment-120504503","https://api.github.com/repos/mozilla/webmaker-core/issues/19"
"15",120504735,"2015-07-10T19:42:19Z","2015-07-10T19:42:19Z","https://github.com/mozilla/webmaker-core/pull/19#issuecomment-120504735","https://api.github.com/repos/mozilla/webmaker-core/issues/19"
"16",120509056,"2015-07-10T20:04:52Z","2015-07-10T20:04:52Z","https://github.com/mozilla/webmaker-core/pull/19#issuecomment-120509056","https://api.github.com/repos/mozilla/webmaker-core/issues/19"
"17",120536347,"2015-07-10T21:42:24Z","2015-07-10T21:42:24Z","https://github.com/mozilla/webmaker-core/pull/19#issuecomment-120536347","https://api.github.com/repos/mozilla/webmaker-core/issues/19"
"18",121019816,"2015-07-13T18:45:02Z","2015-07-13T18:45:02Z","https://github.com/mozilla/webmaker-core/pull/17#issuecomment-121019816","https://api.github.com/repos/mozilla/webmaker-core/issues/17"
"19",121072026,"2015-07-13T21:50:10Z","2015-07-13T21:50:10Z","https://github.com/mozilla/webmaker-core/issues/21#issuecomment-121072026","https://api.github.com/repos/mozilla/webmaker-core/issues/21"
"20",121072535,"2015-07-13T21:51:10Z","2015-07-13T21:51:10Z","https://github.com/mozilla/webmaker-core/issues/21#issuecomment-121072535","https://api.github.com/repos/mozilla/webmaker-core/issues/21"
"21",121087405,"2015-07-13T23:12:42Z","2015-07-13T23:15:32Z","https://github.com/mozilla/webmaker-core/issues/6#issuecomment-121087405","https://api.github.com/repos/mozilla/webmaker-core/issues/6"
"22",121087641,"2015-07-13T23:14:06Z","2015-07-13T23:17:54Z","https://github.com/mozilla/webmaker-core/issues/6#issuecomment-121087641","https://api.github.com/repos/mozilla/webmaker-core/issues/6"
"23",121088069,"2015-07-13T23:17:30Z","2015-07-13T23:18:46Z","https://github.com/mozilla/webmaker-core/issues/6#issuecomment-121088069","https://api.github.com/repos/mozilla/webmaker-core/issues/6"
"24",121285290,"2015-07-14T15:41:55Z","2015-07-14T15:41:55Z","https://github.com/mozilla/webmaker-core/issues/6#issuecomment-121285290","https://api.github.com/repos/mozilla/webmaker-core/issues/6"
"25",121285348,"2015-07-14T15:42:09Z","2015-07-14T15:42:09Z","https://github.com/mozilla/webmaker-core/issues/20#issuecomment-121285348","https://api.github.com/repos/mozilla/webmaker-core/issues/20"
"26",121320154,"2015-07-14T17:44:07Z","2015-07-14T17:44:07Z","https://github.com/mozilla/webmaker-core/issues/23#issuecomment-121320154","https://api.github.com/repos/mozilla/webmaker-core/issues/23"
"27",121322122,"2015-07-14T17:51:53Z","2015-07-14T17:51:53Z","https://github.com/mozilla/webmaker-core/issues/23#issuecomment-121322122","https://api.github.com/repos/mozilla/webmaker-core/issues/23"
"28",121325704,"2015-07-14T18:06:01Z","2015-07-14T18:06:01Z","https://github.com/mozilla/webmaker-core/issues/23#issuecomment-121325704","https://api.github.com/repos/mozilla/webmaker-core/issues/23"
"29",121337477,"2015-07-14T18:42:55Z","2015-07-14T18:42:55Z","https://github.com/mozilla/webmaker-core/issues/136#issuecomment-121337477","https://api.github.com/repos/mozilla/webmaker-core/issues/136"
"30",121343705,"2015-07-14T19:04:03Z","2015-07-14T19:04:03Z","https://github.com/mozilla/webmaker-core/issues/23#issuecomment-121343705","https://api.github.com/repos/mozilla/webmaker-core/issues/23"
