"","login","id"
"1","thisandagain",747641
"2","gvn",206379
"3","ryanw-se",6530909
"4","ryanw-se",6530909
"5","cadecairos",438003
"6","gvn",206379
"7","thisandagain",747641
"8","errietta",134585
"9","alicoding",4368149
"10","xmatthewx",53411
"11","secretrobotron",403231
"12","secretrobotron",403231
"13","alicoding",4368149
"14","gvn",206379
"15","gvn",206379
"16","alicoding",4368149
"17","gvn",206379
"18","ryanw-se",6530909
"19","secretrobotron",403231
"20","secretrobotron",403231
"21","gvn",206379
"22","gvn",206379
"23","gvn",206379
"24","k88hudson",1455535
"25","k88hudson",1455535
"26","ryanw-se",6530909
"27","k88hudson",1455535
"28","toolness",124687
"29","flukeout",25212
"30","toolness",124687
